hex_icao,immatriculation,nom,type_appareil,photo_url,photo_page,photo_credit
3b776e,0012,A400M 0012,A400,https://t.plnspttrs.net/40499/1939388_604b05498c_280.jpg,https://www.planespotters.net/photo/1939388/f-rbae-armee-de-lair-et-de-lespace-french-air-and-space-force-airbus-a400m-180?utm_source=api,Thomas Schmidt-Blindenhöfer
3b776d,0014,A400M 0014,A400,https://t.plnspttrs.net/38738/1226276_a2a6594086_280.jpg,https://www.planespotters.net/photo/1226276/f-rbaf-armee-de-lair-french-air-force-airbus-a400m-180?utm_source=api,Adolfo Bento de Urquía
3b776c,0019,A400M 0019,A400,https://t.plnspttrs.net/28184/1871997_c0b5cbe76c_280.jpg,https://www.planespotters.net/photo/1871997/f-rbag-armee-de-lair-french-air-force-airbus-a400m-180?utm_source=api,Alexander Ufer
3b776b,0031,A400M 0031,A400,https://t.plnspttrs.net/04430/1414467_a011917d38_280.jpg,https://www.planespotters.net/photo/1414467/f-rbah-armee-de-lair-french-air-force-airbus-a400m-180?utm_source=api,Martín Marrero
3b776a,0033,A400M 0033,A400,https://t.plnspttrs.net/48140/995007_49bc3d5fa7_280.jpg,https://www.planespotters.net/photo/995007/f-rbai-armee-de-lair-french-air-force-airbus-a400m-180?utm_source=api,LEDUC Bertrand
3b7769,0037,A400M 0037,A400,https://t.plnspttrs.net/45797/1946760_a6dbf69f4a_280.jpg,https://www.planespotters.net/photo/1946760/f-rbaj-armee-de-lair-et-de-lespace-french-air-and-space-force-airbus-a400m-180?utm_source=api,William Verguet
3b7768,0053,A400M 0053,A400,https://t.plnspttrs.net/18285/1245122_a59aecd33d_280.jpg,https://www.planespotters.net/photo/1245122/f-rbak-armee-de-lair-french-air-force-airbus-a400m-180?utm_source=api,Owen Yue
3b7767,0062,A400M 0062,A400,https://t.plnspttrs.net/47787/1784884_7d693bd8f8_280.jpg,https://www.planespotters.net/photo/1784884/f-rbal-armee-de-lair-french-air-force-airbus-a400m-180?utm_source=api,Alejandro Hernández León
3b7766,0065,A400M 0065,A400,https://t.plnspttrs.net/44371/1487216_910ab0c069_280.jpg,https://www.planespotters.net/photo/1487216/f-rbam-armee-de-lair-french-air-force-airbus-a400m-180?utm_source=api,Andreas Fietz
3b7765,0073,A400M 0073,A400,https://t.plnspttrs.net/35959/1820519_bf99766420_280.jpg,https://www.planespotters.net/photo/1820519/f-rban-armee-de-lair-french-air-force-airbus-a400m-180?utm_source=api,Pierre-Ronan Patru
3b775b,0075,A400M 0075,A400,https://t.plnspttrs.net/45109/1911811_89502228bd_280.jpg,https://www.planespotters.net/photo/1911811/f-rbat-armee-de-lair-french-air-force-airbus-a400m-180?utm_source=api,DF4D0174
3b7764,0089,A400M 0089,A400,https://t.plnspttrs.net/30748/1211533_a70006d5eb_280.jpg,https://www.planespotters.net/photo/1211533/f-rbao-armee-de-lair-french-air-force-airbus-a400m-180?utm_source=api,Adolfo Bento de Urquía
3b7763,0095,A400M 0095,A400,https://t.plnspttrs.net/30946/1447548_468462c25b_280.jpg,https://www.planespotters.net/photo/1447548/f-rbap-armee-de-lair-french-air-force-airbus-a400m-180?utm_source=api,Christian Winkel
3b7762,0102,A400M 0102,A400,https://t.plnspttrs.net/07345/1586316_60fafd244d_280.jpg,https://www.planespotters.net/photo/1586316/f-rbaq-armee-de-lair-french-air-force-airbus-a400m-180?utm_source=api,Wiktor Kepinski
3b7761,0110,A400M 0110,A400,https://t.plnspttrs.net/09926/1513943_a0430bede6_280.jpg,https://www.planespotters.net/photo/1513943/f-rbar-armee-de-lair-french-air-force-airbus-a400m-180?utm_source=api,A-Rafi NA
3b7760,0122,A400M 0122,A400,https://t.plnspttrs.net/29294/1814991_c4d3ceec7a_280.jpg,https://www.planespotters.net/photo/1814991/f-rbas-armee-de-lair-french-air-force-airbus-a400m-180?utm_source=api,Michał Furmańczak
3b775f,0127,A400M 0127,A400,https://t.plnspttrs.net/29598/1656031_1bfee23efd_280.jpg,https://www.planespotters.net/photo/1656031/f-rbau-armee-de-lair-french-air-force-airbus-a400m-180?utm_source=api,Alejandro Hernández León
3b775e,0130,A400M 0130,A400,,,
3b775d,0134,A400M 0134,A400,https://t.plnspttrs.net/20820/1924896_749a15ebfd_280.jpg,https://www.planespotters.net/photo/1924896/f-rbaw-armee-de-lair-french-air-force-airbus-a400m-180?utm_source=api,Jack Li
3b775c,F-RBAX,A400M F-RBAX,A400,https://t.plnspttrs.net/09926/1513943_a0430bede6_280.jpg,https://www.planespotters.net/photo/1513943/f-rbar-armee-de-lair-french-air-force-airbus-a400m-180?utm_source=api,A-Rafi NA
3b775a,F-RBAY,A400M F-RBAY,A400,https://t.plnspttrs.net/39081/1905966_66f8f9036d_280.jpg,https://www.planespotters.net/photo/1905966/f-rbay-armee-de-lair-french-air-force-airbus-a400m-180?utm_source=api,Andreas Fietz
7cace5,VH-8FR,Abel VH-8FR,AT8T,https://t.plnspttrs.net/47709/1693615_c6e6311680_280.jpg,https://www.planespotters.net/photo/1693615/vh-8fr-aerotech-australia-air-tractor-at-802?utm_source=api,Cameron
7cad89,VH-8KB,Abel VH-8KB,AT8T,https://t.plnspttrs.net/12479/1693617_71a0f43542_280.jpg,https://www.planespotters.net/photo/1693617/vh-8kb-xo-aviation-air-tractor-at-802a?utm_source=api,Cameron
7c4753,VH-ODH,Abel VH-ODH,AT8T,https://t.plnspttrs.net/09950/1646061_27aa04a33a_280.jpg,https://www.planespotters.net/photo/1646061/vh-odh-aerotech-australasia-air-tractor-at-802?utm_source=api,Peter Tonna
44f685,CT-05,BAF641,A400,https://t.plnspttrs.net/48159/1942279_865a057e44_280.jpg,https://www.planespotters.net/photo/1942279/ct-05-belgian-air-force-airbus-a400m-180?utm_source=api,Lyon Blöcher
44f687,CT-07,BAF653,A400,,,
505847,OM-BHG,Black Hawk OM-BHG,H60,,,
505d0b,OM-BHK,Black Hawk OM-BHK,H60,https://t.plnspttrs.net/25839/1919849_0ca6306e35_280.jpg,https://www.planespotters.net/photo/1919849/om-bhk-slovak-training-academy-sikorsky-uh-60a-black-hawk?utm_source=api,Thomas Scholz
3f62f6,3F62F6,CH-53 GAF n°2,H53,,,
3b77c5,123,CTM0028,CN35,,,
3b7711,5227,CTM1231,C130,https://t.plnspttrs.net/29037/1868237_eedf8966ea_280.jpg,https://www.planespotters.net/photo/1868237/5227-armee-de-lair-et-de-lespace-french-air-and-space-force-lockheed-c-130h-30-hercules-l-382?utm_source=api,Yann Bougdour
3b77ed,131,CTM1289,TBM7,https://t.plnspttrs.net/10806/1494901_5144d9a940_280.jpg,https://www.planespotters.net/photo/1494901/131-armee-de-lair-french-air-force-socata-tbm-700?utm_source=api,Werner Verbogt
3b77f0,117,CTM1291,TBM7,https://t.plnspttrs.net/10632/1293382_a72fe4349f_280.jpg,https://www.planespotters.net/photo/1293382/117-armee-de-lair-french-air-force-dassault-rafale-c?utm_source=api,Mj-aviation
3b77eb,147,CTM1293,TBM7,https://t.plnspttrs.net/03332/1233272_ac330e8e98_280.jpg,https://www.planespotters.net/photo/1233272/147-armee-de-lair-french-air-force-dassault-rafale-c?utm_source=api,MILSPOT
3b77f2,33,CTM1305,TBM7,,,
3b77fa,95,CTM1307,TBM7,,,
3b77c3,141,CTM1481,CN35,https://t.plnspttrs.net/18295/1405122_c58210aba3_280.jpg,https://www.planespotters.net/photo/1405122/141-armee-de-lair-french-air-force-casa-cn-235-200?utm_source=api,Alexis Boidron
3b77ec,146,CTM3886,TBM7,https://t.plnspttrs.net/22741/1940786_ccce25d6dd_280.jpg,https://www.planespotters.net/photo/1940786/146-hungarian-air-force-aero-l-39ng?utm_source=api,Striteczky László
501f9c,811,Canadair croate 811,CL-415,,,
3b77d6,2461,Caracal 2461,EC25,,,
3b7601,2741,Caracal 2741,EC25,https://t.plnspttrs.net/35687/1309188_33fee81a9b_280.jpg,https://www.planespotters.net/photo/1309188/2741-armee-de-lair-french-air-force-eurocopter-ec225lp-super-puma-mk2?utm_source=api,MILSPOT
3b7620,3B7620,Caracal n°2,EC25,,,
3b7b9e,F-ZBPM,Dragon (F-ZBPM),EC45,,,
3b7ba3,F-ZBPH,Dragon 33,EC45,https://t.plnspttrs.net/16304/1344637_1484dd2a7e_280.jpg,https://www.planespotters.net/photo/1344637/f-zbph-securite-civile-eurocopter-ec-145?utm_source=api,Filipe Sousa
3b7b92,F-ZBPY,Dragon 69,EC45,https://t.plnspttrs.net/16299/1322222_4ad9809a5e_280.jpg,https://www.planespotters.net/photo/1322222/f-zbpy-securite-civile-eurocopter-ec-145?utm_source=api,Yann Bougdour
3b7b98,F-ZBPS,Dragon 75,EC45,https://t.plnspttrs.net/35157/1898840_edbdc30fa1_280.jpg,https://www.planespotters.net/photo/1898840/f-zbps-securite-civile-eurocopter-ec-145?utm_source=api,Mattis Linn
3b7b43,F-ZBEK,F-ZBEK,COORD,,,
3b7b40,F-ZBGL,F-ZBGL,COORD,https://t.plnspttrs.net/00741/1109585_0393e8ffa0_280.jpg,https://www.planespotters.net/photo/1109585/f-zbgl-douane-francaise-french-customs-service-beechcraft-b300-king-air-350er?utm_source=api,Y.Panas
3b7b41,F-ZBGM,F-ZBGM,COORD,https://t.plnspttrs.net/42123/1653411_0a57ab2ea0_280.jpg,https://www.planespotters.net/photo/1653411/f-zbgm-douane-francaise-french-customs-service-beechcraft-350-king-air-b300?utm_source=api,Alejandro Hernández León
3f7001,54+06,GAF143,A400,,,
3e9555,GAF670,Hélico GAF (CH-53),H53,,,
43c908,ZZ507,King Air RAF,B350,,,
4d00ca,LX-LGG,Luxair (ligne),DH8D,https://t.plnspttrs.net/36193/1934106_eb5f482293_280.jpg,https://www.planespotters.net/photo/1934106/lx-lgg-luxair-bombardier-dhc-8-402-dash-8-q400?utm_source=api,Borut Smrdelj
4d00d8,LX-LQD,Luxair (ligne),DH8D,,,
4d00d0,LX-LGM,Luxair (ligne),DH8D,,,
48d691,48D691,M18 Dromader PL,M18,https://t.plnspttrs.net/22609/856792_2f15933f9c_280.jpg,https://www.planespotters.net/photo/856792/sp-zws-private-pzl-mielec-m-18-dromader?utm_source=api,Stefan Mieszkowski
48ea09,48EA09,M18 Dromader PL n°2,M18,https://t.plnspttrs.net/19325/1645117_63f258d111_280.jpg,https://www.planespotters.net/photo/1645117/sp-zwi-zua-mielec-pzl-mielec-m-18b-dromader?utm_source=api,Stefan Mieszkowski
3b7b86,F-ZBMC,Milan F-ZBMC,DASH8,https://t.plnspttrs.net/22065/1128902_b1683efc99_280.jpg,https://www.planespotters.net/photo/1128902/f-zbmc-securite-civile-bombardier-dhc-8-402-mr?utm_source=api,Stéphane Boyer
3b7b63,F-ZBMH,Milan F-ZBMH,DASH8,,,
3b7b3f,F-ZBMI,Milan F-ZBMI,DASH8,https://t.plnspttrs.net/39559/1866308_8f0abc41c4_280.jpg,https://www.planespotters.net/photo/1866308/f-zbmi-securite-civile-de-havilland-canada-dhc-8-402-mr?utm_source=api,Jose M. Deza
3b7b3e,F-ZBMJ,Milan F-ZBMJ,DASH8,https://t.plnspttrs.net/02644/1926015_09b0c7d608_280.jpg,https://www.planespotters.net/photo/1926015/f-zbmj-securite-civile-de-havilland-canada-dhc-8-402-mr?utm_source=api,William Verguet
3b7b3d,F-ZBMK,Milan F-ZBMK,DASH8,https://t.plnspttrs.net/45277/1859560_32eb69d2d0_280.jpg,https://www.planespotters.net/photo/1859560/f-zbmk-securite-civile-de-havilland-canada-dhc-8-402-mr?utm_source=api,AviaStar Photography
3b7b3a,F-ZBML,Milan F-ZBML,DASH8,https://t.plnspttrs.net/34629/1752027_c3f3d0eb8e_280.jpg,https://www.planespotters.net/photo/1752027/f-zbml-securite-civile-de-havilland-canada-dhc-8-402-mr?utm_source=api,Mario Ferioli
3b7b39,F-ZBMM,Milan F-ZBMM,DASH8,https://t.plnspttrs.net/18815/1873193_b2c9d79146_280.jpg,https://www.planespotters.net/photo/1873193/f-zbmm-securite-civile-de-havilland-canada-dhc-8-402-mr?utm_source=api,Thomas Schmidt-Blindenhöfer
3b7b3c,F-ZBQM,Milan F-ZBQM,DASH8,https://t.plnspttrs.net/02978/1304404_255f88c934_280.jpg,https://www.planespotters.net/photo/1304404/f-zbqm-securite-civile-airbus-helicopters-h145-ec-145-t2?utm_source=api,Yann Bougdour
3b7b3b,F-ZBQN,Milan F-ZBQN,DASH8,https://t.plnspttrs.net/18553/1304405_37dc00cd52_280.jpg,https://www.planespotters.net/photo/1304405/f-zbqn-securite-civile-airbus-helicopters-h145-ec-145-t2?utm_source=api,Yann Bougdour
3b7b38,F-ZBQO,Milan F-ZBQO,DASH8,https://t.plnspttrs.net/09927/1869662_6c20ec3042_280.jpg,https://www.planespotters.net/photo/1869662/fzbqo-securite-civile-airbus-helicopters-h145-mbb-bk117-d-3?utm_source=api,Yann Bougdour
3b7b37,F-ZBQP,Milan F-ZBQP,DASH8,https://t.plnspttrs.net/18830/1931510_e54bc2bc73_280.jpg,https://www.planespotters.net/photo/1931510/f-zbqp-securite-civile-airbus-helicopters-h145-mbb-bk117-d-3?utm_source=api,Yann Bougdour
009343,PUMAB,Puma B,PUMA,https://t.plnspttrs.net/11659/1556118_7886790898_280.jpg,https://www.planespotters.net/photo/1556118/zt-rye-starlite-aviation-group-eurocopter-ec225lp-super-puma-mk2?utm_source=api,Adolfo Bento de Urquía
3b7b6f,F-ZBFP,Pélican 31,CL-415,https://t.plnspttrs.net/32143/778264_67c142a259_280.jpg,https://www.planespotters.net/photo/778264/f-zbfp-securite-civile-canadair-cl-415?utm_source=api,Giorgio
3b7b6e,F-ZBFS,Pélican 32,CL-415,https://t.plnspttrs.net/38733/1840949_7a1643fcd6_280.jpg,https://www.planespotters.net/photo/1840949/f-zbfs-securite-civile-canadair-cl-415?utm_source=api,Mathias Barré
3b7b6d,F-ZBFN,Pélican 33,CL-415,https://t.plnspttrs.net/07563/721196_19df3fda6c_280.jpg,https://www.planespotters.net/photo/721196/f-zbfn-securite-civile-canadair-cl-415?utm_source=api,MILSPOT
3b7b6c,F-ZBFX,Pélican 34,CL-415,https://t.plnspttrs.net/14115/1814244_9ba88b686c_280.jpg,https://www.planespotters.net/photo/1814244/f-zbfx-securite-civile-canadair-cl-415?utm_source=api,sebastien david
3b7b76,F-ZBFY,Pélican 35,CL-415,https://t.plnspttrs.net/34268/1661555_8e61632d3e_280.jpg,https://www.planespotters.net/photo/1661555/f-zbfy-securite-civile-canadair-cl-415?utm_source=api,Daniel Filipe Francisco Silva
3b7b75,F-ZBFV,Pélican 37,CL-415,https://t.plnspttrs.net/03622/1378440_40a1a21d59_280.jpg,https://www.planespotters.net/photo/1378440/f-zbfv-securite-civile-canadair-cl-415?utm_source=api,Alexandre Fevrier
3b7b74,F-ZBFW,Pélican 38,CL-415,https://t.plnspttrs.net/31939/721199_ca154fab78_280.jpg,https://www.planespotters.net/photo/721199/f-zbeg-securite-civile-canadair-cl-415?utm_source=api,MILSPOT
3b7b73,F-ZBEG,Pélican 39,CL-415,https://t.plnspttrs.net/33196/1697699_d5ce456035_280.jpg,https://www.planespotters.net/photo/1697699/f-zbeo-securite-civile-canadair-cl-415?utm_source=api,LEDUC Bertrand
3b7b72,F-ZBEU,Pélican 42,CL-415,https://t.plnspttrs.net/28749/1939215_5835695b59_280.jpg,https://www.planespotters.net/photo/1939215/f-zbeu-securite-civile-canadair-cl-415?utm_source=api,Yann Bougdour
3b7b71,F-ZBME,Pélican 44,CL-415,https://t.plnspttrs.net/49688/1840876_e450614c51_280.jpg,https://www.planespotters.net/photo/1840876/f-zbme-securite-civile-canadair-cl-415?utm_source=api,Mathias Barré
3b7b70,F-ZBMF,Pélican 45,CL-415,https://t.plnspttrs.net/24032/1661545_4a473e8c33_280.jpg,https://www.planespotters.net/photo/1661545/f-zbmf-securite-civile-canadair-cl-415?utm_source=api,Daniel Filipe Francisco Silva
3b7b6b,F-ZBMG,Pélican 48,CL-415,https://t.plnspttrs.net/26765/261071_714ffb71cd_280.jpg,https://www.planespotters.net/photo/261071/f-zbmg-securite-civile-canadair-cl-415?utm_source=api,GRITTI
39c9d7,F-HSOX,SAMU 64,EC45,https://t.plnspttrs.net/22934/1707098_2f589ea0c7_280.jpg,https://www.planespotters.net/photo/1707098/f-hsox-samu-france-eurocopter-ec-145?utm_source=api,sebastien david
39c905,F-HSIF,SAMU 86,EC45,https://t.plnspttrs.net/01853/1443995_ab44de1d0d_280.jpg,https://www.planespotters.net/photo/1443995/f-hsif-babcock-mcs-france-airbus-helicopters-h145-ec-145-t2?utm_source=api,Alexandre Fevrier
39c672,F-HRTS,Super Puma F-HRTS,AS32,https://t.plnspttrs.net/08862/1895907_94766796a0_280.jpg,https://www.planespotters.net/photo/1895907/f-hrts-airtelis-airbus-helicopters-h215?utm_source=api,Romain ROUX
4b7fa7,T-312,Super Puma T-312,AS32,https://t.plnspttrs.net/06347/1338593_e45e7c23c8_280.jpg,https://www.planespotters.net/photo/1338593/t-312-schweizer-luftwaffe-swiss-air-force-eurocopter-th89-super-puma-as-332m1?utm_source=api,Radim Koblížka
4b7fa2,T-317,Super Puma T-317,AS32,https://t.plnspttrs.net/22859/1718951_2501c4ff28_280.jpg,https://www.planespotters.net/photo/1718951/t-317-schweizer-luftwaffe-swiss-air-force-aerospatiale-th89-super-puma-as-332m1?utm_source=api,Dmitry Petrochenko
ac82ec,AC82EC,Surveillance (hex N905NA),?,,,
4ab50e,SE-MHN,TGT42,AT8T,https://t.plnspttrs.net/29911/1886648_fd98662c03_280.jpg,https://www.planespotters.net/photo/1886648/se-mhn-saab-nyge-aero-air-tractor-at-802f-fire-boss?utm_source=api,Michał Furmańczak
4ab50f,SE-MHO,TGT43,AT8T,https://t.plnspttrs.net/30885/1666367_306163399e_280.jpg,https://www.planespotters.net/photo/1666367/se-mho-saab-nyge-aero-air-tractor-at-802a?utm_source=api,William Wallin
7caeb4,VH-8SM,TRACTA,AT8T,https://t.plnspttrs.net/46698/1780422_4816218aa9_280.jpg,https://www.planespotters.net/photo/1780422/vh-8sm-aerotech-australasia-air-tractor-at-802?utm_source=api,Cameron
348650,348650,TRACTC,?,,,
7c49bc,VH-OUM,TRACTORB,AT8T,https://t.plnspttrs.net/35166/1666516_13b9c1619f_280.jpg,https://www.planespotters.net/photo/1666516/vh-oum-aerotech-australasia-air-tractor-at-802a?utm_source=api,Sierra Mike
3464d9,EC-NKY,Tract EC-NKY,AT8T,,,
4d0129,4D0129,Tract LX-2,AT8T,,,
4d0123,LX-AFC,Tract LX-AFC,AT8T,https://t.plnspttrs.net/26270/1938245_f7aefb4383_280.jpg,https://www.planespotters.net/photo/1938245/lx-afc-aquarius-aerial-firefighting-air-tractor-at-802af?utm_source=api,Markus Pichler
00a113,ZS-MNA,Tract ZS-MNA,AT8T,,,
