horodatage_utc,vitesse_vent_kmh,direction_origine_vent_degres
2026-07-22T00:00:00.000Z,14.4,50.0
2026-07-22T01:00:00.000Z,13.9,51.0
2026-07-22T02:00:00.000Z,13.4,53.0
2026-07-22T03:00:00.000Z,12.3,51.0
2026-07-22T04:00:00.000Z,12.4,48.0
2026-07-22T05:00:00.000Z,12.3,44.0
2026-07-22T06:00:00.000Z,13.5,46.0
2026-07-22T07:00:00.000Z,10.3,57.0
2026-07-22T08:00:00.000Z,11.3,56.0
2026-07-22T09:00:00.000Z,10.8,60.0
2026-07-22T10:00:00.000Z,11.2,60.0
2026-07-22T11:00:00.000Z,12.3,60.0
2026-07-22T12:00:00.000Z,13.0,63.0
2026-07-22T13:00:00.000Z,11.8,62.0
2026-07-22T14:00:00.000Z,12.3,58.0
2026-07-22T15:00:00.000Z,13.1,54.0
2026-07-22T16:00:00.000Z,12.7,51.0
2026-07-22T17:00:00.000Z,11.2,49.0
2026-07-22T18:00:00.000Z,10.5,38.0
2026-07-22T19:00:00.000Z,9.4,18.0
2026-07-22T20:00:00.000Z,11.7,20.0
2026-07-22T21:00:00.000Z,12.0,28.0
2026-07-22T22:00:00.000Z,13.2,32.0
2026-07-22T23:00:00.000Z,13.2,38.0
2026-07-23T00:00:00.000Z,13.0,45.0
2026-07-23T01:00:00.000Z,10.7,49.0
2026-07-23T02:00:00.000Z,10.7,46.0
2026-07-23T03:00:00.000Z,11.6,46.0
2026-07-23T04:00:00.000Z,12.5,44.0
2026-07-23T05:00:00.000Z,11.5,45.0
2026-07-23T06:00:00.000Z,10.5,51.0
2026-07-23T07:00:00.000Z,8.0,48.0
2026-07-23T08:00:00.000Z,8.3,48.0
2026-07-23T09:00:00.000Z,9.2,45.0
2026-07-23T10:00:00.000Z,10.5,49.0
2026-07-23T11:00:00.000Z,11.1,53.0
2026-07-23T12:00:00.000Z,9.6,52.0
2026-07-23T13:00:00.000Z,7.6,43.0
2026-07-23T14:00:00.000Z,5.5,11.0
2026-07-23T15:00:00.000Z,7.2,12.0
2026-07-23T16:00:00.000Z,11.3,31.0
2026-07-23T17:00:00.000Z,13.7,34.0
2026-07-23T18:00:00.000Z,13.5,34.0
2026-07-23T19:00:00.000Z,10.9,27.0
2026-07-23T20:00:00.000Z,10.2,23.0
2026-07-23T21:00:00.000Z,10.9,27.0
2026-07-23T22:00:00.000Z,12.7,38.0
2026-07-23T23:00:00.000Z,12.6,48.0
2026-07-24T00:00:00.000Z,14.3,56.0
2026-07-24T01:00:00.000Z,12.8,62.0
2026-07-24T02:00:00.000Z,12.5,63.0
2026-07-24T03:00:00.000Z,12.2,66.0
2026-07-24T04:00:00.000Z,12.7,65.0
2026-07-24T05:00:00.000Z,12.6,63.0
2026-07-24T06:00:00.000Z,13.1,67.0
2026-07-24T07:00:00.000Z,11.5,63.0
2026-07-24T08:00:00.000Z,10.9,68.0
2026-07-24T09:00:00.000Z,10.8,69.0
2026-07-24T10:00:00.000Z,11.6,75.0
2026-07-24T11:00:00.000Z,11.7,81.0
2026-07-24T12:00:00.000Z,9.4,97.0
2026-07-24T13:00:00.000Z,5.9,101.0
2026-07-24T14:00:00.000Z,2.7,42.0
2026-07-24T15:00:00.000Z,12.1,272.0
2026-07-24T16:00:00.000Z,21.3,273.0
2026-07-24T17:00:00.000Z,15.0,284.0
2026-07-24T18:00:00.000Z,15.1,253.0
2026-07-24T19:00:00.000Z,15.2,248.0
2026-07-24T20:00:00.000Z,11.4,258.0
2026-07-24T21:00:00.000Z,11.6,208.0
2026-07-24T22:00:00.000Z,13.7,237.0
2026-07-24T23:00:00.000Z,8.4,223.0
2026-07-25T00:00:00.000Z,8.8,219.0
2026-07-25T01:00:00.000Z,13.8,221.0
2026-07-25T02:00:00.000Z,15.1,242.0
2026-07-25T03:00:00.000Z,17.2,252.0
2026-07-25T04:00:00.000Z,14.3,256.0
2026-07-25T05:00:00.000Z,13.6,255.0
2026-07-25T06:00:00.000Z,15.9,245.0
2026-07-25T07:00:00.000Z,21.2,250.0
2026-07-25T08:00:00.000Z,22.0,250.0
2026-07-25T09:00:00.000Z,17.9,251.0
2026-07-25T10:00:00.000Z,13.2,268.0
2026-07-25T11:00:00.000Z,12.6,226.0
2026-07-25T12:00:00.000Z,9.5,201.0
2026-07-25T13:00:00.000Z,12.2,237.0
2026-07-25T14:00:00.000Z,15.7,283.0
2026-07-25T15:00:00.000Z,17.3,286.0
2026-07-25T16:00:00.000Z,17.7,295.0
2026-07-25T17:00:00.000Z,19.1,298.0
2026-07-25T18:00:00.000Z,21.5,315.0
2026-07-25T19:00:00.000Z,20.8,305.0
2026-07-25T20:00:00.000Z,17.8,296.0
2026-07-25T21:00:00.000Z,16.3,298.0
2026-07-25T22:00:00.000Z,15.6,296.0
2026-07-25T23:00:00.000Z,14.4,292.0
2026-07-26T00:00:00.000Z,16.5,292.0
2026-07-26T01:00:00.000Z,15.5,297.0
2026-07-26T02:00:00.000Z,13.9,295.0
2026-07-26T03:00:00.000Z,12.6,295.0
2026-07-26T04:00:00.000Z,10.1,292.0
2026-07-26T05:00:00.000Z,8.2,289.0
2026-07-26T06:00:00.000Z,11.1,301.0
2026-07-26T07:00:00.000Z,13.3,306.0
2026-07-26T08:00:00.000Z,14.4,303.0
2026-07-26T09:00:00.000Z,15.9,297.0
2026-07-26T10:00:00.000Z,16.6,287.0
2026-07-26T11:00:00.000Z,16.8,280.0
2026-07-26T12:00:00.000Z,18.2,279.0
2026-07-26T13:00:00.000Z,18.2,273.0
2026-07-26T14:00:00.000Z,18.3,275.0
2026-07-26T15:00:00.000Z,19.5,273.0
2026-07-26T16:00:00.000Z,18.6,268.0
2026-07-26T17:00:00.000Z,18.2,270.0
2026-07-26T18:00:00.000Z,14.2,266.0
2026-07-26T19:00:00.000Z,14.7,264.0
2026-07-26T20:00:00.000Z,12.0,256.0
2026-07-26T21:00:00.000Z,13.0,267.0
2026-07-26T22:00:00.000Z,11.9,260.0
2026-07-26T23:00:00.000Z,11.7,265.0
2026-07-27T00:00:00.000Z,13.1,261.0
2026-07-27T01:00:00.000Z,8.5,308.0
2026-07-27T02:00:00.000Z,8.7,326.0
2026-07-27T03:00:00.000Z,9.3,313.0
2026-07-27T04:00:00.000Z,9.4,330.0
2026-07-27T05:00:00.000Z,3.6,323.0
2026-07-27T06:00:00.000Z,5.3,12.0
2026-07-27T07:00:00.000Z,3.3,9.0
2026-07-27T08:00:00.000Z,8.4,329.0
2026-07-27T09:00:00.000Z,9.5,321.0
2026-07-27T10:00:00.000Z,7.1,308.0
2026-07-27T11:00:00.000Z,7.6,295.0
2026-07-27T12:00:00.000Z,8.1,299.0
2026-07-27T13:00:00.000Z,8.7,284.0
2026-07-27T14:00:00.000Z,12.6,281.0
2026-07-27T15:00:00.000Z,15.5,285.0
2026-07-27T16:00:00.000Z,14.3,297.0
2026-07-27T17:00:00.000Z,14.1,307.0
2026-07-27T18:00:00.000Z,12.0,323.0
2026-07-27T19:00:00.000Z,9.2,334.0
2026-07-27T20:00:00.000Z,8.1,354.0
2026-07-27T21:00:00.000Z,7.6,360.0
2026-07-27T22:00:00.000Z,7.2,22.0
2026-07-27T23:00:00.000Z,7.2,28.0
2026-07-28T00:00:00.000Z,3.2,63.0
2026-07-28T01:00:00.000Z,3.6,53.0
2026-07-28T02:00:00.000Z,3.4,72.0
2026-07-28T03:00:00.000Z,0.5,315.0
2026-07-28T04:00:00.000Z,0.5,225.0
2026-07-28T05:00:00.000Z,1.9,202.0
2026-07-28T06:00:00.000Z,1.8,360.0
2026-07-28T07:00:00.000Z,4.4,99.0
2026-07-28T08:00:00.000Z,5.4,110.0
2026-07-28T09:00:00.000Z,4.3,132.0
2026-07-28T10:00:00.000Z,8.1,135.0
2026-07-28T11:00:00.000Z,7.1,139.0
2026-07-28T12:00:00.000Z,5.5,169.0
2026-07-28T13:00:00.000Z,3.8,221.0
2026-07-28T14:00:00.000Z,4.7,212.0
2026-07-28T15:00:00.000Z,9.6,326.0
2026-07-28T16:00:00.000Z,9.9,327.0
2026-07-28T17:00:00.000Z,8.5,332.0
2026-07-28T18:00:00.000Z,8.9,333.0
2026-07-28T19:00:00.000Z,3.3,319.0
2026-07-28T20:00:00.000Z,1.3,214.0
2026-07-28T21:00:00.000Z,0.4,180.0
2026-07-28T22:00:00.000Z,3.2,153.0
2026-07-28T23:00:00.000Z,0.5,135.0
2026-07-29T00:00:00.000Z,2.1,149.0
2026-07-29T01:00:00.000Z,1.0,135.0
2026-07-29T02:00:00.000Z,2.3,108.0
2026-07-29T03:00:00.000Z,0.7,270.0
2026-07-29T04:00:00.000Z,1.1,108.0
2026-07-29T05:00:00.000Z,1.8,11.0
2026-07-29T06:00:00.000Z,2.2,90.0
2026-07-29T07:00:00.000Z,3.5,114.0
2026-07-29T08:00:00.000Z,6.8,155.0
2026-07-29T09:00:00.000Z,5.2,168.0
2026-07-29T10:00:00.000Z,4.3,175.0
2026-07-29T11:00:00.000Z,6.9,208.0
2026-07-29T12:00:00.000Z,10.9,214.0
2026-07-29T13:00:00.000Z,17.7,282.0
2026-07-29T14:00:00.000Z,17.8,278.0
2026-07-29T15:00:00.000Z,13.6,282.0
2026-07-29T16:00:00.000Z,10.8,296.0
2026-07-29T17:00:00.000Z,12.2,270.0
2026-07-29T18:00:00.000Z,11.2,291.0
2026-07-29T19:00:00.000Z,9.7,266.0
2026-07-29T20:00:00.000Z,10.2,247.0
2026-07-29T21:00:00.000Z,9.2,281.0
2026-07-29T22:00:00.000Z,6.8,238.0
2026-07-29T23:00:00.000Z,6.5,264.0
2026-07-30T00:00:00.000Z,3.6,233.0
2026-07-30T01:00:00.000Z,3.6,270.0
2026-07-30T02:00:00.000Z,5.6,243.0
2026-07-30T03:00:00.000Z,8.2,255.0
2026-07-30T04:00:00.000Z,8.3,265.0
2026-07-30T05:00:00.000Z,3.8,319.0
2026-07-30T06:00:00.000Z,6.1,87.0
2026-07-30T07:00:00.000Z,6.9,208.0
2026-07-30T08:00:00.000Z,0.8,297.0
2026-07-30T09:00:00.000Z,4.5,209.0
2026-07-30T10:00:00.000Z,5.9,218.0
2026-07-30T11:00:00.000Z,11.3,7.0
2026-07-30T12:00:00.000Z,10.1,354.0
2026-07-30T13:00:00.000Z,9.2,334.0
2026-07-30T14:00:00.000Z,11.7,279.0
2026-07-30T15:00:00.000Z,12.0,286.0
2026-07-30T16:00:00.000Z,11.9,295.0
2026-07-30T17:00:00.000Z,13.7,297.0
2026-07-30T18:00:00.000Z,10.4,304.0
2026-07-30T19:00:00.000Z,10.5,297.0
2026-07-30T20:00:00.000Z,8.7,312.0
2026-07-30T21:00:00.000Z,5.1,321.0
2026-07-30T22:00:00.000Z,2.3,309.0
2026-07-30T23:00:00.000Z,4.4,351.0
2026-07-31T00:00:00.000Z,4.0,360.0
2026-07-31T01:00:00.000Z,4.1,52.0
2026-07-31T02:00:00.000Z,3.5,24.0
2026-07-31T03:00:00.000Z,4.0,355.0
2026-07-31T04:00:00.000Z,1.1,198.0
2026-07-31T05:00:00.000Z,1.0,225.0
2026-07-31T06:00:00.000Z,1.6,207.0
2026-07-31T07:00:00.000Z,2.6,254.0
2026-07-31T08:00:00.000Z,6.6,283.0
2026-07-31T09:00:00.000Z,9.0,293.0
2026-07-31T10:00:00.000Z,10.9,297.0
2026-07-31T11:00:00.000Z,11.3,297.0
2026-07-31T12:00:00.000Z,10.8,291.0
2026-07-31T13:00:00.000Z,13.7,300.0
2026-07-31T14:00:00.000Z,13.8,290.0
2026-07-31T15:00:00.000Z,14.2,294.0
2026-07-31T16:00:00.000Z,15.3,309.0
2026-07-31T17:00:00.000Z,13.6,310.0
2026-07-31T18:00:00.000Z,12.5,309.0
2026-07-31T19:00:00.000Z,10.1,305.0
2026-07-31T20:00:00.000Z,6.3,294.0
2026-07-31T21:00:00.000Z,4.7,274.0
2026-07-31T22:00:00.000Z,3.7,281.0
2026-07-31T23:00:00.000Z,3.7,299.0
2026-08-01T00:00:00.000Z,2.1,301.0
2026-08-01T01:00:00.000Z,1.8,191.0
2026-08-01T02:00:00.000Z,2.1,239.0
2026-08-01T03:00:00.000Z,3.6,174.0
2026-08-01T04:00:00.000Z,3.4,148.0
2026-08-01T05:00:00.000Z,3.7,151.0
2026-08-01T06:00:00.000Z,1.6,117.0
2026-08-01T07:00:00.000Z,3.8,131.0
2026-08-01T08:00:00.000Z,3.1,324.0
2026-08-01T09:00:00.000Z,0.0,270.0
2026-08-01T10:00:00.000Z,2.9,173.0
2026-08-01T11:00:00.000Z,4.6,321.0
2026-08-01T12:00:00.000Z,10.0,311.0
2026-08-01T13:00:00.000Z,10.1,317.0
2026-08-01T14:00:00.000Z,13.2,320.0
2026-08-01T15:00:00.000Z,12.6,318.0
2026-08-01T16:00:00.000Z,12.0,314.0
2026-08-01T17:00:00.000Z,10.5,308.0
2026-08-01T18:00:00.000Z,9.3,306.0
2026-08-01T19:00:00.000Z,8.1,302.0
2026-08-01T20:00:00.000Z,6.9,298.0
2026-08-01T21:00:00.000Z,5.9,317.0
2026-08-01T22:00:00.000Z,5.4,323.0
2026-08-01T23:00:00.000Z,2.9,263.0
2026-08-02T00:00:00.000Z,3.2,243.0
2026-08-02T01:00:00.000Z,3.6,270.0
2026-08-02T02:00:00.000Z,2.3,219.0
2026-08-02T03:00:00.000Z,3.9,202.0
2026-08-02T04:00:00.000Z,2.5,180.0
2026-08-02T05:00:00.000Z,3.1,216.0
2026-08-02T06:00:00.000Z,2.6,164.0
2026-08-02T07:00:00.000Z,3.3,229.0
2026-08-02T08:00:00.000Z,4.7,261.0
2026-08-02T09:00:00.000Z,2.5,270.0
2026-08-02T10:00:00.000Z,1.1,360.0
2026-08-02T11:00:00.000Z,2.0,45.0
2026-08-02T12:00:00.000Z,0.5,45.0
2026-08-02T13:00:00.000Z,10.0,334.0
2026-08-02T14:00:00.000Z,14.0,318.0
2026-08-02T15:00:00.000Z,13.0,312.0
2026-08-02T16:00:00.000Z,12.9,306.0
2026-08-02T17:00:00.000Z,11.5,314.0
2026-08-02T18:00:00.000Z,10.2,309.0
2026-08-02T19:00:00.000Z,8.5,306.0
2026-08-02T20:00:00.000Z,6.9,298.0
2026-08-02T21:00:00.000Z,6.2,291.0
2026-08-02T22:00:00.000Z,4.8,297.0
2026-08-02T23:00:00.000Z,2.6,286.0
